,folds,test_auc,val_auc,test_acc,val_acc
0,0,0.8176644493717664,0.9213483146067416,0.8299595141700404,0.8623481781376519
1,1,0.9413312473332385,0.9247589531680441,0.8623481781376519,0.8454545454545455
2,2,0.9021177685950413,0.856910569105691,0.7909090909090909,0.8218623481781376
